_id," name"
117e1a7d6a3232cc0032ba841bacdc09,
117e1a7d6a3232cc0032ba856e45e306,
117e1a7d6a3232cc0032ba8633046662,
117e1a7d6a3232cc0032ba877fba8727,
117e1a7d6a3232cc0032ba880059b9ea,
117e1a7d6a3232cc0032ba892841cc16,
117e1a7d6a3232cc0032ba8a3c10c6b1,
117e1a7d6a3232cc0032ba8b49daedbb,
117e1a7d6a3232cc0032ba8c6d2cb4d3,
117e1a7d6a3232cc0032ba8d0f25aa48,
117e1a7d6a3232cc0032ba8e4ea044aa,
117e1a7d6a3232cc0032ba8f5629c9a2,
117e1a7d6a3232cc0032ba907fb0b939,
117e1a7d6a3232cc0032ba9158339a72,
117e1a7d6a3232cc0032ba923e342b6d,
117e1a7d6a3232cc0032ba9308cdd539,
117e1a7d6a3232cc0032ba942ef02cc1,
117e1a7d6a3232cc0032ba956dba5d11,
117e1a7d6a3232cc0032ba9668ee724b,
117e1a7d6a3232cc0032ba970bcfbdf8,
f070138d6a3232cc004cac0d6f87f4e0,
f070138d6a3232cc004cac0e6a8d8d4e,
f070138d6a3232cc004cac0f417e3be6,
f070138d6a3232cc004cac101d617e55,
f070138d6a3232cc004cac114f946662,
f070138d6a3232cc004cac12019f2138,
f070138d6a3232cc004cac135a23a37a,
f070138d6a3232cc004cac1445e76fda,
f070138d6a3232cc004cac151e8fe14b,
f070138d6a3232cc004cac1642eb3490,
f070138d6a3232cc004cac1718694da1,
f070138d6a3232cc004cac180f88dc86,
f070138d6a3232cc004cac19017cc094,
f070138d6a3232cc004cac1a212f6996,
f070138d6a3232cc004cac1b5cfb147d,
f070138d6a3232cc004cac1c49e64f01,
f070138d6a3232cc004cac1d63afe938,
f070138d6a3232cc004cac1e45ffeacf,
f070138d6a3232cc004cac1f0a261226,
f070138d6a3232cc004cac20635226fe,
5caf1a7c6a3232cc017db3276799e541,
5caf1a7c6a3232cc017db328716af93b,
5caf1a7c6a3232cc017db32976957b37,
5caf1a7c6a3232cc017db32a3fac16d4,
5caf1a7c6a3232cc017db32b689239fc,
5caf1a7c6a3232cc017db32c4099e5ae,
